plant	time	x	y	r_ag	h_ag	r_bg	h_bg	grow	f_reslim_ag	f_reslim_bg
Initial_000000001	864000.0	1	0.8	0.20069892834203457	0.40139785668406913	0.2336163069034452	0.4672326138068904	0.0191601609997104	1	0.3373781442642212
Initial_000000002	864000.0	1	1.2	0.1682681520315312	0.3365363040630624	0.19848847416951138	0.39697694833902275	0.015374502915584412	1	0.3373781442642212
