plant	time	x	y	r_ag	h_ag	r_bg	h_bg	growth	ag_factor	bg_factor
Initial_000000001	864000.0	1	0.8	0.42600363799142765	0.8520072759828553	0.42600363799142765	0.8520072759828553	NaN	NaN	NaN
Initial_000000002	864000.0	1	1.2	0.330201791072605	0.66040358214521	0.3179143563048627	0.6358287126097254	NaN	NaN	NaN
