plant	time	x	y	r_ag	h_ag	r_bg	h_bg	grow	f_reslim_ag	f_reslim_bg	salinity
Initial_000000001	864000.0	1	0.8	0.42600363799142765	0.8520072759828553	0.42600363799142765	0.8520072759828553	0.18879839772665102	1.0	1	NaN
Initial_000000002	864000.0	1	1.2	0.330201791072605	0.66040358214521	0.3179143563048627	0.6358287126097254	0.05498419107666388	0.5666666666666667	1	NaN
