plant	time	x	y	r_ag	h_ag	r_bg	h_bg	grow	aboveground_resources	belowground_resources	salinity
Initial_000000001	8640000.0	1	0.8	0.4443212773075129	0.8886425546150258	0.5251577329976793	1.0503154659953586	0.0022454497255509076	1	0.3373781442642212	0.07500000000000001
Initial_000000002	8640000.0	1	1.2	0.4442607343042945	0.888521468608589	0.5257816580301338	1.0515633160602675	0.0024790112119273677	1	0.3373781442642212	0.07500000000000001
