plant	time	x	y	r_ag	h_ag	r_bg	h_bg	growth	ag_factor	bg_factor
Initial_000000001	8640000.0	1	0.8	0.4443212773075129	0.8886425546150258	0.5251577329976793	1.0503154659953586	NaN	NaN	NaN
Initial_000000002	8640000.0	1	1.2	0.4442607343042945	0.888521468608589	0.5257816580301338	1.0515633160602675	NaN	NaN	NaN
