plant	time	x	y	r_stem	h_stem	r_crown	r_root	growth	ag_resources	bg_resources
Initial_000000001	2000000.0	0.5	11	0.11231172349916436	5.977875821549961	2.425639146594807	1.5020909615369356	0.0009551636605620846	0.4621066915642898	0.31773843675692187
Initial_000000002	2000000.0	21.5	11	0.11231172349916436	5.977875821549961	2.425639146594807	1.5020909615369356	0.0009551636605620846	0.4621066915642898	0.31773843675692187
