plant	time	x	y	r_ag	h_ag	r_bg	h_bg	growth	ag_factor	bg_factor
Initial_000000001	864000.0	1	0.8	0.42600363799142765	0.8520072759828553	0.42600363799142765	0.8520072759828553	NaN	NaN	NaN
Initial_000000002	864000.0	1	1.2	0.3749004447006029	0.7498008894012058	0.3749004447006029	0.7498008894012058	NaN	NaN	NaN
