plant	time	x	y	r_ag	h_ag	r_bg	h_bg	growth	ag_factor	bg_factor
Initial_000000001	8640000.0	1	0.8	1.120270768715436	2.240541537430872	1.120270768715436	2.240541537430872	NaN	NaN	NaN
Initial_000000002	8640000.0	1	1.2	1.1191837491934078	2.2383674983868156	1.1191837491934078	2.2383674983868156	NaN	NaN	NaN
