plant	time	x	y	r_ag	h_ag	r_bg	h_bg	grow	aboveground_resources	belowground_resources
Initial_000000002	8640000.0	1	1.2	0.928215707799894	1.856431415599788	0.962144697874955	1.92428939574991	0.2201351599448793	1	1.0
