plant	time	x	y	r_ag	h_ag	r_bg	h_bg	grow	f_reslim_ag	f_reslim_bg
Initial_000000001	864000.0	1	0.8	0.40724653850812764	0.8144930770162553	0.4120710523218317	0.8241421046436634	0.14518985401933865	1	0.8563829787234043
Initial_000000002	864000.0	1	1.2	0.3491394625582198	0.6982789251164396	0.3558995228804728	0.7117990457609455	0.10703402728566352	1	0.8071428571428572
